revision	benchmark	input_sha256	hardware	security_profile	run_mode	samples	proof_stage_median_s	ingress_median_s	adapted_publication_median_s	process_median_s	peak_device_bytes_max	prover_sha256	proof_sha256	verified	source_repo_commit	source_path	source_sha256
v39	SN PIE 1	f56794faf3bc3a383c355dca8242bfb92c16e093249da4157770b44c4de227d1	NVIDIA H200	cairo-canonical-70q-26pow-24interaction	cold_process	1	3.783652492	6.343772930	10.492865965	10.860119769	119636099072	634ac859277860fa6033a1fdbc2eec9facce35b1b9badd1a71627261e9e213c8	ddfd9c167d42b4fd3933abc2049fe468f7c914f2a7b34267664312f121a042ed	true	2ef419d038d0ede197aa96b0b0583ffb0c586027	autoresearch/notes/2026-09-29-cairo-cuda-local/nvidia-v39-suite.json	5c9e49f89c0a76e0796f04edc11f1eedd762daf7e092b6ef08eeb3ce4b56a43f
v39	SN PIE 2	fe78e1549f66c2c175d075fad5e0c1ea174df29f9331684e654ef9e9c8821704	NVIDIA H200	cairo-canonical-70q-26pow-24interaction	cold_process	1	2.954515194	5.483925486	8.669828514	8.964266586	76485099520	634ac859277860fa6033a1fdbc2eec9facce35b1b9badd1a71627261e9e213c8	07109499daff9b2140fab7d91c4fd06c4675f3e206bf06da6fea787132e2c96b	true	2ef419d038d0ede197aa96b0b0583ffb0c586027	autoresearch/notes/2026-09-29-cairo-cuda-local/nvidia-v39-suite.json	5c9e49f89c0a76e0796f04edc11f1eedd762daf7e092b6ef08eeb3ce4b56a43f
v39	SN PIE 3	9f6226aad5480c5733c814dabb4a47d1aa36d0d9f7bde4fa954c81509fc67c98	NVIDIA H200	cairo-canonical-70q-26pow-24interaction	cold_process	1	3.772297718	6.399273434	10.508574594	10.826718308	118461693952	634ac859277860fa6033a1fdbc2eec9facce35b1b9badd1a71627261e9e213c8	a8912e68df4d21090389f1f796c17b57327830a9c738666426650c5e2f666650	true	2ef419d038d0ede197aa96b0b0583ffb0c586027	autoresearch/notes/2026-09-29-cairo-cuda-local/nvidia-v39-suite.json	5c9e49f89c0a76e0796f04edc11f1eedd762daf7e092b6ef08eeb3ce4b56a43f
v39	SN PIE 4	0e59c87e308f7b650860d02b63a34946fe1b2fe334cc2504332504f6fef2ec80	NVIDIA H200	cairo-canonical-70q-26pow-24interaction	cold_process	1	3.169704797	6.165719312	9.619443930	9.927226515	96349323264	634ac859277860fa6033a1fdbc2eec9facce35b1b9badd1a71627261e9e213c8	a461dfdd91e78f41335f1592421582b47d7122517efb09ca95036b891908b435	true	2ef419d038d0ede197aa96b0b0583ffb0c586027	autoresearch/notes/2026-09-29-cairo-cuda-local/nvidia-v39-suite.json	5c9e49f89c0a76e0796f04edc11f1eedd762daf7e092b6ef08eeb3ce4b56a43f
v41	SN PIE 1	f56794faf3bc3a383c355dca8242bfb92c16e093249da4157770b44c4de227d1	NVIDIA H200	cairo-canonical-70q-26pow-24interaction	cold_process	1	2.918558795	6.347958530	9.636264347	9.950743934	113193648128	b1a37d9996137febcd0263c39a436bad7d8751c3e0a02bed1671c568b2294ae6	ddfd9c167d42b4fd3933abc2049fe468f7c914f2a7b34267664312f121a042ed	true	2ef419d038d0ede197aa96b0b0583ffb0c586027	autoresearch/notes/2026-09-29-cairo-cuda-local/nvidia-v41-suite.json	a9adc569f232333bc625e2f0dabb6e7ba030777cce633a06a488c087ec6fba7f
v41	SN PIE 2	fe78e1549f66c2c175d075fad5e0c1ea174df29f9331684e654ef9e9c8821704	NVIDIA H200	cairo-canonical-70q-26pow-24interaction	cold_process	1	2.065751530	5.374362695	7.665922573	7.947743534	70042648576	b1a37d9996137febcd0263c39a436bad7d8751c3e0a02bed1671c568b2294ae6	07109499daff9b2140fab7d91c4fd06c4675f3e206bf06da6fea787132e2c96b	true	2ef419d038d0ede197aa96b0b0583ffb0c586027	autoresearch/notes/2026-09-29-cairo-cuda-local/nvidia-v41-suite.json	a9adc569f232333bc625e2f0dabb6e7ba030777cce633a06a488c087ec6fba7f
v41	SN PIE 3	9f6226aad5480c5733c814dabb4a47d1aa36d0d9f7bde4fa954c81509fc67c98	NVIDIA H200	cairo-canonical-70q-26pow-24interaction	cold_process	1	2.905130575	6.107077835	9.327878880	9.649263844	112019243008	b1a37d9996137febcd0263c39a436bad7d8751c3e0a02bed1671c568b2294ae6	a8912e68df4d21090389f1f796c17b57327830a9c738666426650c5e2f666650	true	2ef419d038d0ede197aa96b0b0583ffb0c586027	autoresearch/notes/2026-09-29-cairo-cuda-local/nvidia-v41-suite.json	a9adc569f232333bc625e2f0dabb6e7ba030777cce633a06a488c087ec6fba7f
v41	SN PIE 4	0e59c87e308f7b650860d02b63a34946fe1b2fe334cc2504332504f6fef2ec80	NVIDIA H200	cairo-canonical-70q-26pow-24interaction	cold_process	1	2.300572031	6.018757170	8.589054093	8.916754001	89906872320	b1a37d9996137febcd0263c39a436bad7d8751c3e0a02bed1671c568b2294ae6	a461dfdd91e78f41335f1592421582b47d7122517efb09ca95036b891908b435	true	2ef419d038d0ede197aa96b0b0583ffb0c586027	autoresearch/notes/2026-09-29-cairo-cuda-local/nvidia-v41-suite.json	a9adc569f232333bc625e2f0dabb6e7ba030777cce633a06a488c087ec6fba7f
v42	SN PIE 1	f56794faf3bc3a383c355dca8242bfb92c16e093249da4157770b44c4de227d1	NVIDIA H200	cairo-canonical-70q-26pow-24interaction	cold_process	1	2.489334357	5.858393176	8.639916353	8.931714101	113998954496	9be17c7c04714695ab65ca788ed2fa2b4a0db95c2f17ec94474e480f2eb9d7ad	ddfd9c167d42b4fd3933abc2049fe468f7c914f2a7b34267664312f121a042ed	true	2ef419d038d0ede197aa96b0b0583ffb0c586027	autoresearch/notes/2026-09-29-cairo-cuda-local/nvidia-v42-suite.json	5a3d5895e1d220d121752ecbd3db071d8232b10a9b45e25467f38ef50b7677be
v42	SN PIE 2	fe78e1549f66c2c175d075fad5e0c1ea174df29f9331684e654ef9e9c8821704	NVIDIA H200	cairo-canonical-70q-26pow-24interaction	cold_process	1	1.614143272	5.079587129	6.912192881	7.198885763	70847954944	9be17c7c04714695ab65ca788ed2fa2b4a0db95c2f17ec94474e480f2eb9d7ad	07109499daff9b2140fab7d91c4fd06c4675f3e206bf06da6fea787132e2c96b	true	2ef419d038d0ede197aa96b0b0583ffb0c586027	autoresearch/notes/2026-09-29-cairo-cuda-local/nvidia-v42-suite.json	5a3d5895e1d220d121752ecbd3db071d8232b10a9b45e25467f38ef50b7677be
v42	SN PIE 3	9f6226aad5480c5733c814dabb4a47d1aa36d0d9f7bde4fa954c81509fc67c98	NVIDIA H200	cairo-canonical-70q-26pow-24interaction	cold_process	1	2.479157592	5.839821751	8.649108293	8.945095550	112824549376	9be17c7c04714695ab65ca788ed2fa2b4a0db95c2f17ec94474e480f2eb9d7ad	a8912e68df4d21090389f1f796c17b57327830a9c738666426650c5e2f666650	true	2ef419d038d0ede197aa96b0b0583ffb0c586027	autoresearch/notes/2026-09-29-cairo-cuda-local/nvidia-v42-suite.json	5a3d5895e1d220d121752ecbd3db071d8232b10a9b45e25467f38ef50b7677be
v42	SN PIE 4	0e59c87e308f7b650860d02b63a34946fe1b2fe334cc2504332504f6fef2ec80	NVIDIA H200	cairo-canonical-70q-26pow-24interaction	cold_process	1	1.859988942	5.643987138	7.738503726	8.034015880	90712178688	9be17c7c04714695ab65ca788ed2fa2b4a0db95c2f17ec94474e480f2eb9d7ad	a461dfdd91e78f41335f1592421582b47d7122517efb09ca95036b891908b435	true	2ef419d038d0ede197aa96b0b0583ffb0c586027	autoresearch/notes/2026-09-29-cairo-cuda-local/nvidia-v42-suite.json	5a3d5895e1d220d121752ecbd3db071d8232b10a9b45e25467f38ef50b7677be
v44	SN PIE 1	f56794faf3bc3a383c355dca8242bfb92c16e093249da4157770b44c4de227d1	NVIDIA H200	cairo-canonical-70q-26pow-24interaction	cold_process	1	2.334369444	5.867885680	8.549560413	8.876202410	114800066560	eff1cff3c1741314e761493f08bf72a148e2bed98d47d193f9c3cf036322f7f4	ddfd9c167d42b4fd3933abc2049fe468f7c914f2a7b34267664312f121a042ed	true	2ef419d038d0ede197aa96b0b0583ffb0c586027	autoresearch/notes/2026-09-29-cairo-cuda-local/nvidia-v44-suite.json	b52203b973e5d43203eb47518afe43fbdedbcf0212c766080d2edea031c68e7d
v44	SN PIE 2	fe78e1549f66c2c175d075fad5e0c1ea174df29f9331684e654ef9e9c8821704	NVIDIA H200	cairo-canonical-70q-26pow-24interaction	cold_process	1	1.595896256	4.633372692	6.427203305	6.697191273	71649067008	eff1cff3c1741314e761493f08bf72a148e2bed98d47d193f9c3cf036322f7f4	07109499daff9b2140fab7d91c4fd06c4675f3e206bf06da6fea787132e2c96b	true	2ef419d038d0ede197aa96b0b0583ffb0c586027	autoresearch/notes/2026-09-29-cairo-cuda-local/nvidia-v44-suite.json	b52203b973e5d43203eb47518afe43fbdedbcf0212c766080d2edea031c68e7d
v44	SN PIE 3	9f6226aad5480c5733c814dabb4a47d1aa36d0d9f7bde4fa954c81509fc67c98	NVIDIA H200	cairo-canonical-70q-26pow-24interaction	cold_process	1	2.328309820	5.346240667	7.981582279	8.302730148	113625661440	eff1cff3c1741314e761493f08bf72a148e2bed98d47d193f9c3cf036322f7f4	a8912e68df4d21090389f1f796c17b57327830a9c738666426650c5e2f666650	true	2ef419d038d0ede197aa96b0b0583ffb0c586027	autoresearch/notes/2026-09-29-cairo-cuda-local/nvidia-v44-suite.json	b52203b973e5d43203eb47518afe43fbdedbcf0212c766080d2edea031c68e7d
v44	SN PIE 4	0e59c87e308f7b650860d02b63a34946fe1b2fe334cc2504332504f6fef2ec80	NVIDIA H200	cairo-canonical-70q-26pow-24interaction	cold_process	1	1.712138020	5.322404406	7.281238311	7.582829699	91513290752	eff1cff3c1741314e761493f08bf72a148e2bed98d47d193f9c3cf036322f7f4	a461dfdd91e78f41335f1592421582b47d7122517efb09ca95036b891908b435	true	2ef419d038d0ede197aa96b0b0583ffb0c586027	autoresearch/notes/2026-09-29-cairo-cuda-local/nvidia-v44-suite.json	b52203b973e5d43203eb47518afe43fbdedbcf0212c766080d2edea031c68e7d
v45	SN PIE 1	f56794faf3bc3a383c355dca8242bfb92c16e093249da4157770b44c4de227d1	NVIDIA H200	cairo-canonical-70q-26pow-24interaction	cold_process	3	2.218391992	4.509910599	7.042077306	7.330985995	114800066560	037a2cc9cb2cfff5745b761819e2b4590bf0266abbe9159d6b0deca6e0dc4fd3	ddfd9c167d42b4fd3933abc2049fe468f7c914f2a7b34267664312f121a042ed	true	2ef419d038d0ede197aa96b0b0583ffb0c586027	autoresearch/notes/2026-09-29-cairo-cuda-local/nvidia-v45-repeated-suite.json	16c6c4e0202ff0cd183e17dedaaaf4058ece00426cc59473bf42d08893e14387
v45	SN PIE 2	fe78e1549f66c2c175d075fad5e0c1ea174df29f9331684e654ef9e9c8821704	NVIDIA H200	cairo-canonical-70q-26pow-24interaction	cold_process	3	1.503866985	3.987079774	5.708081350	5.982938261	71649067008	037a2cc9cb2cfff5745b761819e2b4590bf0266abbe9159d6b0deca6e0dc4fd3	07109499daff9b2140fab7d91c4fd06c4675f3e206bf06da6fea787132e2c96b	true	2ef419d038d0ede197aa96b0b0583ffb0c586027	autoresearch/notes/2026-09-29-cairo-cuda-local/nvidia-v45-repeated-suite.json	16c6c4e0202ff0cd183e17dedaaaf4058ece00426cc59473bf42d08893e14387
v45	SN PIE 3	9f6226aad5480c5733c814dabb4a47d1aa36d0d9f7bde4fa954c81509fc67c98	NVIDIA H200	cairo-canonical-70q-26pow-24interaction	cold_process	3	2.206484757	4.598876553	7.118368421	7.390361015	113625661440	037a2cc9cb2cfff5745b761819e2b4590bf0266abbe9159d6b0deca6e0dc4fd3	a8912e68df4d21090389f1f796c17b57327830a9c738666426650c5e2f666650	true	2ef419d038d0ede197aa96b0b0583ffb0c586027	autoresearch/notes/2026-09-29-cairo-cuda-local/nvidia-v45-repeated-suite.json	16c6c4e0202ff0cd183e17dedaaaf4058ece00426cc59473bf42d08893e14387
v45	SN PIE 4	0e59c87e308f7b650860d02b63a34946fe1b2fe334cc2504332504f6fef2ec80	NVIDIA H200	cairo-canonical-70q-26pow-24interaction	cold_process	3	1.595278156	4.547403146	6.420207645	6.698217547	91513290752	037a2cc9cb2cfff5745b761819e2b4590bf0266abbe9159d6b0deca6e0dc4fd3	a461dfdd91e78f41335f1592421582b47d7122517efb09ca95036b891908b435	true	2ef419d038d0ede197aa96b0b0583ffb0c586027	autoresearch/notes/2026-09-29-cairo-cuda-local/nvidia-v45-repeated-suite.json	16c6c4e0202ff0cd183e17dedaaaf4058ece00426cc59473bf42d08893e14387
hopper-v5	SN PIE 1	f56794faf3bc3a383c355dca8242bfb92c16e093249da4157770b44c4de227d1	NVIDIA H200	cairo-canonical-70q-26pow-24interaction	cold_process	2	1.889377993	4.465921011	6.432396499	7.006031728	100970528768	357cd8e4e595cf80c14987208c3734fdcf75de1639e62fbad259440ab38d8b79	ddfd9c167d42b4fd3933abc2049fe468f7c914f2a7b34267664312f121a042ed	true	2ef419d038d0ede197aa96b0b0583ffb0c586027	autoresearch/notes/2026-09-29-cairo-cuda-hopper-optimization/comparison-v5.json	a9bf0a4178cc36004a120cdd73b36bf83b21f5a592fc8478b0dc40dd0312aa02
hopper-v5	SN PIE 2	fe78e1549f66c2c175d075fad5e0c1ea174df29f9331684e654ef9e9c8821704	NVIDIA H200	cairo-canonical-70q-26pow-24interaction	cold_process	2	1.323294765	4.046474291	5.438723236	5.891852434	61846061056	357cd8e4e595cf80c14987208c3734fdcf75de1639e62fbad259440ab38d8b79	07109499daff9b2140fab7d91c4fd06c4675f3e206bf06da6fea787132e2c96b	true	2ef419d038d0ede197aa96b0b0583ffb0c586027	autoresearch/notes/2026-09-29-cairo-cuda-hopper-optimization/comparison-v5.json	a9bf0a4178cc36004a120cdd73b36bf83b21f5a592fc8478b0dc40dd0312aa02
hopper-v5	SN PIE 3	9f6226aad5480c5733c814dabb4a47d1aa36d0d9f7bde4fa954c81509fc67c98	NVIDIA H200	cairo-canonical-70q-26pow-24interaction	cold_process	2	1.877564543	4.430341132	6.364245705	6.958998645	99796123648	357cd8e4e595cf80c14987208c3734fdcf75de1639e62fbad259440ab38d8b79	a8912e68df4d21090389f1f796c17b57327830a9c738666426650c5e2f666650	true	2ef419d038d0ede197aa96b0b0583ffb0c586027	autoresearch/notes/2026-09-29-cairo-cuda-hopper-optimization/comparison-v5.json	a9bf0a4178cc36004a120cdd73b36bf83b21f5a592fc8478b0dc40dd0312aa02
hopper-v5	SN PIE 4	0e59c87e308f7b650860d02b63a34946fe1b2fe334cc2504332504f6fef2ec80	NVIDIA H200	cairo-canonical-70q-26pow-24interaction	cold_process	2	1.491838584	4.437807449	5.983937582	6.471681335	80267444224	357cd8e4e595cf80c14987208c3734fdcf75de1639e62fbad259440ab38d8b79	a461dfdd91e78f41335f1592421582b47d7122517efb09ca95036b891908b435	true	2ef419d038d0ede197aa96b0b0583ffb0c586027	autoresearch/notes/2026-09-29-cairo-cuda-hopper-optimization/comparison-v5.json	a9bf0a4178cc36004a120cdd73b36bf83b21f5a592fc8478b0dc40dd0312aa02
hopper-v6	SN PIE 1	f56794faf3bc3a383c355dca8242bfb92c16e093249da4157770b44c4de227d1	NVIDIA H200	cairo-canonical-70q-26pow-24interaction	cold_process	2	1.379998221	4.700330647	6.131175357	6.635935173	101421416448	eb7eadb9393e49d27a9282d8b937384a3d7e50fb27500c9d6f42695b169684ff	ddfd9c167d42b4fd3933abc2049fe468f7c914f2a7b34267664312f121a042ed	true	2ef419d038d0ede197aa96b0b0583ffb0c586027	autoresearch/notes/2026-09-29-cairo-cuda-subsecond/comparison-v6.json	4da784a1269f168cd39d005a358661cbb2d5d9394b9c6e1be1ce66de19805d6d
hopper-v6	SN PIE 2	fe78e1549f66c2c175d075fad5e0c1ea174df29f9331684e654ef9e9c8821704	NVIDIA H200	cairo-canonical-70q-26pow-24interaction	cold_process	2	0.984134122	4.323286297	5.365891280	5.769843623	62296948736	eb7eadb9393e49d27a9282d8b937384a3d7e50fb27500c9d6f42695b169684ff	07109499daff9b2140fab7d91c4fd06c4675f3e206bf06da6fea787132e2c96b	true	2ef419d038d0ede197aa96b0b0583ffb0c586027	autoresearch/notes/2026-09-29-cairo-cuda-subsecond/comparison-v6.json	4da784a1269f168cd39d005a358661cbb2d5d9394b9c6e1be1ce66de19805d6d
hopper-v6	SN PIE 3	9f6226aad5480c5733c814dabb4a47d1aa36d0d9f7bde4fa954c81509fc67c98	NVIDIA H200	cairo-canonical-70q-26pow-24interaction	cold_process	2	1.374067944	4.751839825	6.181983651	6.666902246	100247011328	eb7eadb9393e49d27a9282d8b937384a3d7e50fb27500c9d6f42695b169684ff	a8912e68df4d21090389f1f796c17b57327830a9c738666426650c5e2f666650	true	2ef419d038d0ede197aa96b0b0583ffb0c586027	autoresearch/notes/2026-09-29-cairo-cuda-subsecond/comparison-v6.json	4da784a1269f168cd39d005a358661cbb2d5d9394b9c6e1be1ce66de19805d6d
hopper-v6	SN PIE 4	0e59c87e308f7b650860d02b63a34946fe1b2fe334cc2504332504f6fef2ec80	NVIDIA H200	cairo-canonical-70q-26pow-24interaction	cold_process	2	1.121187327	4.603989250	5.779482628	6.214205511	80718331904	eb7eadb9393e49d27a9282d8b937384a3d7e50fb27500c9d6f42695b169684ff	a461dfdd91e78f41335f1592421582b47d7122517efb09ca95036b891908b435	true	2ef419d038d0ede197aa96b0b0583ffb0c586027	autoresearch/notes/2026-09-29-cairo-cuda-subsecond/comparison-v6.json	4da784a1269f168cd39d005a358661cbb2d5d9394b9c6e1be1ce66de19805d6d
hopper-v7	SN PIE 1	f56794faf3bc3a383c355dca8242bfb92c16e093249da4157770b44c4de227d1	NVIDIA H200	cairo-canonical-70q-26pow-24interaction	cold_process	2	1.340814883	4.743821963	6.138997091	6.634020184	101421416448	66570b0adb2f1b616c6a3e553d59840c90d80fe8b756d4d9f093ff877ed1f1d5	ddfd9c167d42b4fd3933abc2049fe468f7c914f2a7b34267664312f121a042ed	true	2ef419d038d0ede197aa96b0b0583ffb0c586027	autoresearch/notes/2026-09-29-cairo-cuda-subsecond/comparison-v7.json	8128ef76b8b75cc2b71f92fa28b793153f7e75023d33f4be9bf7b46af036783a
hopper-v7	SN PIE 2	fe78e1549f66c2c175d075fad5e0c1ea174df29f9331684e654ef9e9c8821704	NVIDIA H200	cairo-canonical-70q-26pow-24interaction	cold_process	2	0.953606303	4.319061006	5.334013777	5.731701483	62296948736	66570b0adb2f1b616c6a3e553d59840c90d80fe8b756d4d9f093ff877ed1f1d5	07109499daff9b2140fab7d91c4fd06c4675f3e206bf06da6fea787132e2c96b	true	2ef419d038d0ede197aa96b0b0583ffb0c586027	autoresearch/notes/2026-09-29-cairo-cuda-subsecond/comparison-v7.json	8128ef76b8b75cc2b71f92fa28b793153f7e75023d33f4be9bf7b46af036783a
hopper-v7	SN PIE 3	9f6226aad5480c5733c814dabb4a47d1aa36d0d9f7bde4fa954c81509fc67c98	NVIDIA H200	cairo-canonical-70q-26pow-24interaction	cold_process	2	1.333804586	4.744354081	6.131086205	6.625481356	100247011328	66570b0adb2f1b616c6a3e553d59840c90d80fe8b756d4d9f093ff877ed1f1d5	a8912e68df4d21090389f1f796c17b57327830a9c738666426650c5e2f666650	true	2ef419d038d0ede197aa96b0b0583ffb0c586027	autoresearch/notes/2026-09-29-cairo-cuda-subsecond/comparison-v7.json	8128ef76b8b75cc2b71f92fa28b793153f7e75023d33f4be9bf7b46af036783a
hopper-v7	SN PIE 4	0e59c87e308f7b650860d02b63a34946fe1b2fe334cc2504332504f6fef2ec80	NVIDIA H200	cairo-canonical-70q-26pow-24interaction	cold_process	2	1.090937470	4.586272194	5.732904022	6.176663064	80718331904	66570b0adb2f1b616c6a3e553d59840c90d80fe8b756d4d9f093ff877ed1f1d5	a461dfdd91e78f41335f1592421582b47d7122517efb09ca95036b891908b435	true	2ef419d038d0ede197aa96b0b0583ffb0c586027	autoresearch/notes/2026-09-29-cairo-cuda-subsecond/comparison-v7.json	8128ef76b8b75cc2b71f92fa28b793153f7e75023d33f4be9bf7b46af036783a
hopper-v8	SN PIE 1	f56794faf3bc3a383c355dca8242bfb92c16e093249da4157770b44c4de227d1	NVIDIA H200	cairo-canonical-70q-26pow-24interaction	cold_process	2	1.193028951	4.730756107	5.988575866	6.536750308	101422006272	7386b5a2b098b05c4d17c40c76eb6022d737c8d31533d0cb1a13d78ab197e77e	ddfd9c167d42b4fd3933abc2049fe468f7c914f2a7b34267664312f121a042ed	true	2ef419d038d0ede197aa96b0b0583ffb0c586027	autoresearch/notes/2026-09-29-cairo-cuda-subsecond/comparison-v8.json	50689305061fa2032c593731663c0e7580fa1fc292e8c10fde82c29b1a00a812
hopper-v8	SN PIE 2	fe78e1549f66c2c175d075fad5e0c1ea174df29f9331684e654ef9e9c8821704	NVIDIA H200	cairo-canonical-70q-26pow-24interaction	cold_process	2	0.810637498	4.300421046	5.174688964	5.608224150	62297538560	7386b5a2b098b05c4d17c40c76eb6022d737c8d31533d0cb1a13d78ab197e77e	07109499daff9b2140fab7d91c4fd06c4675f3e206bf06da6fea787132e2c96b	true	2ef419d038d0ede197aa96b0b0583ffb0c586027	autoresearch/notes/2026-09-29-cairo-cuda-subsecond/comparison-v8.json	50689305061fa2032c593731663c0e7580fa1fc292e8c10fde82c29b1a00a812
hopper-v8	SN PIE 3	9f6226aad5480c5733c814dabb4a47d1aa36d0d9f7bde4fa954c81509fc67c98	NVIDIA H200	cairo-canonical-70q-26pow-24interaction	cold_process	2	1.189627077	4.683738528	5.937823713	6.493891424	100247601152	7386b5a2b098b05c4d17c40c76eb6022d737c8d31533d0cb1a13d78ab197e77e	a8912e68df4d21090389f1f796c17b57327830a9c738666426650c5e2f666650	true	2ef419d038d0ede197aa96b0b0583ffb0c586027	autoresearch/notes/2026-09-29-cairo-cuda-subsecond/comparison-v8.json	50689305061fa2032c593731663c0e7580fa1fc292e8c10fde82c29b1a00a812
hopper-v8	SN PIE 4	0e59c87e308f7b650860d02b63a34946fe1b2fe334cc2504332504f6fef2ec80	NVIDIA H200	cairo-canonical-70q-26pow-24interaction	cold_process	2	0.944320482	4.557693795	5.579514918	6.055818773	80718921728	7386b5a2b098b05c4d17c40c76eb6022d737c8d31533d0cb1a13d78ab197e77e	a461dfdd91e78f41335f1592421582b47d7122517efb09ca95036b891908b435	true	2ef419d038d0ede197aa96b0b0583ffb0c586027	autoresearch/notes/2026-09-29-cairo-cuda-subsecond/comparison-v8.json	50689305061fa2032c593731663c0e7580fa1fc292e8c10fde82c29b1a00a812
hopper-v9	SN PIE 1	f56794faf3bc3a383c355dca8242bfb92c16e093249da4157770b44c4de227d1	NVIDIA H200	cairo-canonical-70q-26pow-24interaction	cold_process	1	1.183177543	4.719368359	5.960413311	6.471331641	101422006272	7e2eda240c89f26d1bea626d7e397d070a8040b8778e1e94a9c932d632f5e347	ddfd9c167d42b4fd3933abc2049fe468f7c914f2a7b34267664312f121a042ed	true	2ef419d038d0ede197aa96b0b0583ffb0c586027	autoresearch/notes/2026-09-29-cairo-cuda-subsecond/suite-v9.json	08b318ff8a2334052af1157e502aa1adf60d4bf0e822bf504b4c95dc6fab20bc
hopper-v9	SN PIE 2	fe78e1549f66c2c175d075fad5e0c1ea174df29f9331684e654ef9e9c8821704	NVIDIA H200	cairo-canonical-70q-26pow-24interaction	cold_process	1	0.800532488	4.068475887	4.930929724	5.338299844	62297538560	7e2eda240c89f26d1bea626d7e397d070a8040b8778e1e94a9c932d632f5e347	07109499daff9b2140fab7d91c4fd06c4675f3e206bf06da6fea787132e2c96b	true	2ef419d038d0ede197aa96b0b0583ffb0c586027	autoresearch/notes/2026-09-29-cairo-cuda-subsecond/suite-v9.json	08b318ff8a2334052af1157e502aa1adf60d4bf0e822bf504b4c95dc6fab20bc
hopper-v9	SN PIE 3	9f6226aad5480c5733c814dabb4a47d1aa36d0d9f7bde4fa954c81509fc67c98	NVIDIA H200	cairo-canonical-70q-26pow-24interaction	cold_process	1	1.177937990	4.620899190	5.856437257	6.359231996	100247601152	7e2eda240c89f26d1bea626d7e397d070a8040b8778e1e94a9c932d632f5e347	a8912e68df4d21090389f1f796c17b57327830a9c738666426650c5e2f666650	true	2ef419d038d0ede197aa96b0b0583ffb0c586027	autoresearch/notes/2026-09-29-cairo-cuda-subsecond/suite-v9.json	08b318ff8a2334052af1157e502aa1adf60d4bf0e822bf504b4c95dc6fab20bc
hopper-v9	SN PIE 4	0e59c87e308f7b650860d02b63a34946fe1b2fe334cc2504332504f6fef2ec80	NVIDIA H200	cairo-canonical-70q-26pow-24interaction	cold_process	1	0.940295488	4.466382861	5.464599551	5.928983121	80718921728	7e2eda240c89f26d1bea626d7e397d070a8040b8778e1e94a9c932d632f5e347	a461dfdd91e78f41335f1592421582b47d7122517efb09ca95036b891908b435	true	2ef419d038d0ede197aa96b0b0583ffb0c586027	autoresearch/notes/2026-09-29-cairo-cuda-subsecond/suite-v9.json	08b318ff8a2334052af1157e502aa1adf60d4bf0e822bf504b4c95dc6fab20bc
hopper-v17	SN PIE 1	f56794faf3bc3a383c355dca8242bfb92c16e093249da4157770b44c4de227d1	NVIDIA H200	cairo-canonical-70q-26pow-24interaction	cold_process	1	1.049482725	4.567720817	5.656862434	6.105287118	101430394880	ccb8df345e7345a2cb1ed14e4b6743d0abc1a4e4d0180cec1b280c154aef372e	ddfd9c167d42b4fd3933abc2049fe468f7c914f2a7b34267664312f121a042ed	true	2ef419d038d0ede197aa96b0b0583ffb0c586027	autoresearch/notes/2026-09-29-cairo-cuda-subsecond/suite-v17.json	4717636df45d9968fe8b218aeb1766dee28a5efea8b43e4ab3eb1ebb7f49addd
hopper-v17	SN PIE 2	fe78e1549f66c2c175d075fad5e0c1ea174df29f9331684e654ef9e9c8821704	NVIDIA H200	cairo-canonical-70q-26pow-24interaction	cold_process	1	0.665822574	4.041320944	4.748057975	5.108891736	62305927168	ccb8df345e7345a2cb1ed14e4b6743d0abc1a4e4d0180cec1b280c154aef372e	07109499daff9b2140fab7d91c4fd06c4675f3e206bf06da6fea787132e2c96b	true	2ef419d038d0ede197aa96b0b0583ffb0c586027	autoresearch/notes/2026-09-29-cairo-cuda-subsecond/suite-v17.json	4717636df45d9968fe8b218aeb1766dee28a5efea8b43e4ab3eb1ebb7f49addd
hopper-v17	SN PIE 3	9f6226aad5480c5733c814dabb4a47d1aa36d0d9f7bde4fa954c81509fc67c98	NVIDIA H200	cairo-canonical-70q-26pow-24interaction	cold_process	1	1.044598723	4.656456562	5.740758375	6.235911134	100255989760	ccb8df345e7345a2cb1ed14e4b6743d0abc1a4e4d0180cec1b280c154aef372e	a8912e68df4d21090389f1f796c17b57327830a9c738666426650c5e2f666650	true	2ef419d038d0ede197aa96b0b0583ffb0c586027	autoresearch/notes/2026-09-29-cairo-cuda-subsecond/suite-v17.json	4717636df45d9968fe8b218aeb1766dee28a5efea8b43e4ab3eb1ebb7f49addd
hopper-v17	SN PIE 4	0e59c87e308f7b650860d02b63a34946fe1b2fe334cc2504332504f6fef2ec80	NVIDIA H200	cairo-canonical-70q-26pow-24interaction	cold_process	1	0.827304635	4.771827345	5.643579890	6.110622933	80727310336	ccb8df345e7345a2cb1ed14e4b6743d0abc1a4e4d0180cec1b280c154aef372e	a461dfdd91e78f41335f1592421582b47d7122517efb09ca95036b891908b435	true	2ef419d038d0ede197aa96b0b0583ffb0c586027	autoresearch/notes/2026-09-29-cairo-cuda-subsecond/suite-v17.json	4717636df45d9968fe8b218aeb1766dee28a5efea8b43e4ab3eb1ebb7f49addd
hopper-v18	SN PIE 1	f56794faf3bc3a383c355dca8242bfb92c16e093249da4157770b44c4de227d1	NVIDIA H200	cairo-canonical-70q-26pow-24interaction	cold_process	1	1.034307099	4.661372300	5.737142399	6.216496174	100442636288	b005e59a2873ea1169cd816340f19c45dfb7e699fa88800b17ddcb483bd16104	ddfd9c167d42b4fd3933abc2049fe468f7c914f2a7b34267664312f121a042ed	true	2ef419d038d0ede197aa96b0b0583ffb0c586027	autoresearch/notes/2026-09-29-cairo-cuda-subsecond/suite-v18.json	7d549880b3888fe7704ee42ea4dfeb079be46be6db637f1944ebb112a8747b5d
hopper-v18	SN PIE 2	fe78e1549f66c2c175d075fad5e0c1ea174df29f9331684e654ef9e9c8821704	NVIDIA H200	cairo-canonical-70q-26pow-24interaction	cold_process	1	0.656543790	4.010769346	4.706234621	5.090521806	61318168576	b005e59a2873ea1169cd816340f19c45dfb7e699fa88800b17ddcb483bd16104	07109499daff9b2140fab7d91c4fd06c4675f3e206bf06da6fea787132e2c96b	true	2ef419d038d0ede197aa96b0b0583ffb0c586027	autoresearch/notes/2026-09-29-cairo-cuda-subsecond/suite-v18.json	7d549880b3888fe7704ee42ea4dfeb079be46be6db637f1944ebb112a8747b5d
hopper-v18	SN PIE 3	9f6226aad5480c5733c814dabb4a47d1aa36d0d9f7bde4fa954c81509fc67c98	NVIDIA H200	cairo-canonical-70q-26pow-24interaction	cold_process	1	1.030316776	4.499821303	5.570310171	6.068243849	99268231168	b005e59a2873ea1169cd816340f19c45dfb7e699fa88800b17ddcb483bd16104	a8912e68df4d21090389f1f796c17b57327830a9c738666426650c5e2f666650	true	2ef419d038d0ede197aa96b0b0583ffb0c586027	autoresearch/notes/2026-09-29-cairo-cuda-subsecond/suite-v18.json	7d549880b3888fe7704ee42ea4dfeb079be46be6db637f1944ebb112a8747b5d
hopper-v18	SN PIE 4	0e59c87e308f7b650860d02b63a34946fe1b2fe334cc2504332504f6fef2ec80	NVIDIA H200	cairo-canonical-70q-26pow-24interaction	cold_process	1	0.798435662	4.409756836	5.247960249	5.659492505	79739551744	b005e59a2873ea1169cd816340f19c45dfb7e699fa88800b17ddcb483bd16104	a461dfdd91e78f41335f1592421582b47d7122517efb09ca95036b891908b435	true	2ef419d038d0ede197aa96b0b0583ffb0c586027	autoresearch/notes/2026-09-29-cairo-cuda-subsecond/suite-v18.json	7d549880b3888fe7704ee42ea4dfeb079be46be6db637f1944ebb112a8747b5d
