cohort	pie	os_steps	blocks	steps_per_block	step_index_vs_historical_median	source_archive_bytes	adapted_cpi_bytes	component_count	padded_component_rows	executed_ec_op	executed_pedersen	executed_poseidon	executed_bitwise	executed_range_check	reserved_ec_op	reserved_pedersen	reserved_poseidon	reserved_bitwise	reserved_range_check	reserved_range_check96	reserved_add_mod	reserved_mul_mod	opcode_state_count	memory_address_count	large_felt_count	small_felt_count	blake_opcode_count	complexity_signal	source
historical_sn_pie	SN PIE 1	14645112			1.041	81919642		57	64136208	1582	60218	9058	1092	728496														measured_builtin_census	stwo-zig/vectors/cairo/source_semantics/four_pie_coverage_v1.json
historical_sn_pie	SN PIE 2	7706864			0.548	44039431		57	38590736	581	25182	4198	162	385618														measured_builtin_census	stwo-zig/vectors/cairo/source_semantics/four_pie_coverage_v1.json
historical_sn_pie	SN PIE 3	14075019			1.001	81333170		57	56205328	1272	63243	11667	577	673208														measured_builtin_census	stwo-zig/vectors/cairo/source_semantics/four_pie_coverage_v1.json
historical_sn_pie	SN PIE 4	14058247			0.999	76790282		57	60630544	453	30438	10368	2266	830467														measured_builtin_census	stwo-zig/vectors/cairo/source_semantics/four_pie_coverage_v1.json
public_h200_v1	pie:15582797_15582797	20848320	1	20848320.0	1.482		408205744								2048	262144	16384	64	1048576	16	16	16	21174549	22724797	505894	2938195	23426	one-block EC and Poseidon outlier	fixtures/public-v1.json
public_h200_v1	pie:15603744_15603744	22219995	1	22219995.0	1.580		444736304								1024	262144	8192	4096	2097152	16	16	16	22543320	25070336	532437	3555306	49969	one-block bitwise outlier	fixtures/public-v1.json
public_h200_v1	pie:15581148_15581148	18809789	1	18809789.0	1.337		377015036								1024	262144	8192	16384	1048576	32768	32	8192	19189892	21103551	531532	2831304	30243	one-block range-check-96 and modular outlier	fixtures/public-v1.json
public_h200_v1	pie:15590913_15590913	22673315	1	22673315.0	1.612		443939388								256	262144	2048	16	1048576	16	16	16	22986486	24065113	746209	2996886	7936	one-block Pedersen outlier	fixtures/public-v1.json
public_h200_v1	pie:15588777_15588780	33679033	4	8419758.2	2.394		662633424								512	524288	8192	128	2097152	16	16	16	34010046	36921658	969900	4736075	33669	four-block high-step mix	fixtures/public-v1.json
public_h200_v1	pie:15591789_15591789	25379487	1	25379487.0	1.804		494945496								1024	262144	8192	128	2097152	16	16	16	25709728	27851582	665023	3358091	16591	one-block high EC and near-capacity memory	fixtures/public-v1.json
